{"cameraMode":{"drawMode":0,"name":"Shaded","section":"Shading Mode"},"sceneLighting":false,"audioPlay":false,"sceneViewState":{"showFog":true,"showMaterialUpdate":true,"showSkybox":false,"showFlares":true,"showImageEffects":true,"showParticleSystems":true},"in2DMode":false,"pivot":{"x":1.3495670557022095,"y":0.44914695620536806,"z":-0.36104801297187807},"rotation":{"x":0.22350925207138062,"y":-0.5461792945861816,"z":0.15224507451057435,"w":0.7937434315681458},"size":2.266904354095459,"orthographic":false}