{"cameraMode":{"drawMode":0,"name":"Shaded","section":"Shading Mode"},"sceneLighting":true,"audioPlay":false,"sceneViewState":{"showFog":false,"showMaterialUpdate":false,"showSkybox":true,"showFlares":false,"showImageEffects":false,"showParticleSystems":false},"in2DMode":false,"pivot":{"x":478.0743713378906,"y":256.56988525390627,"z":31.419082641601564},"rotation":{"x":0.08490632474422455,"y":0.2648293375968933,"z":0.0234181247651577,"w":-0.9602695107460022},"size":79.46798706054688,"orthographic":false}