{"cameraMode":{"drawMode":0,"name":"Shaded","section":"Shading Mode"},"sceneLighting":true,"audioPlay":false,"sceneViewState":{"showFog":false,"showMaterialUpdate":false,"showSkybox":true,"showFlares":false,"showImageEffects":false,"showParticleSystems":false},"in2DMode":false,"pivot":{"x":507.58966064453127,"y":351.11749267578127,"z":140.19342041015626},"rotation":{"x":-0.2014927864074707,"y":-0.4644615650177002,"z":0.10937254130840302,"w":-0.855451226234436},"size":823.08447265625,"orthographic":false}