{"cameraMode":{"drawMode":0,"name":"Shaded","section":"Shading Mode"},"sceneLighting":true,"audioPlay":false,"sceneViewState":{"showFog":true,"showMaterialUpdate":true,"showSkybox":true,"showFlares":true,"showImageEffects":true,"showParticleSystems":true},"in2DMode":false,"pivot":{"x":0.011910200119018555,"y":-0.044400811195373538,"z":-0.23596692085266114},"rotation":{"x":0.14372776448726655,"y":-0.6049436926841736,"z":0.11211951076984406,"w":0.7751379609107971},"size":4.900327205657959,"orthographic":false}