{"cameraMode":{"drawMode":0,"name":"Shaded","section":"Shading Mode"},"sceneLighting":true,"audioPlay":false,"sceneViewState":{"showFog":true,"showMaterialUpdate":true,"showSkybox":true,"showFlares":true,"showImageEffects":true,"showParticleSystems":true},"in2DMode":false,"pivot":{"x":-0.04199790954589844,"y":0.008937716484069825,"z":0.11913609504699707},"rotation":{"x":0.013076123781502247,"y":-0.9893645644187927,"z":0.0518183633685112,"w":0.14022834599018098},"size":3.2132203578948976,"orthographic":false}