{"cameraMode":{"drawMode":0,"name":"Shaded","section":"Shading Mode"},"sceneLighting":true,"audioPlay":false,"sceneViewState":{"showFog":true,"showMaterialUpdate":true,"showSkybox":true,"showFlares":true,"showImageEffects":true,"showParticleSystems":true},"in2DMode":false,"pivot":{"x":0.009252071380615235,"y":0.0,"z":0.13571548461914063},"rotation":{"x":0.12878334522247315,"y":-0.13055603206157685,"z":0.012817740440368653,"w":0.9836258888244629},"size":3.4749765396118166,"orthographic":false}