{"cameraMode":{"drawMode":0,"name":"Shaded","section":"Shading Mode"},"sceneLighting":false,"audioPlay":false,"sceneViewState":{"showFog":true,"showMaterialUpdate":true,"showSkybox":false,"showFlares":true,"showImageEffects":true,"showParticleSystems":true},"in2DMode":false,"pivot":{"x":1.4171333312988282,"y":-0.019831590354442598,"z":0.0035876594483852388},"rotation":{"x":-0.2187557816505432,"y":0.3875443637371063,"z":-0.09117413312196732,"w":-0.8914253115653992},"size":2.8411526679992677,"orthographic":false}